"Customer ID#","Account No.","Currency","Type","Balance"
"ID1","BOS963211","USD","SAVINGS","962510"
"ID2","BOS85992","AUD","CURRENT","989898"
"ID3","BOS656613","USD","CURRENT","595290"
"ID4","BOS14824","INR","SAVINGS","772578"
"ID5","BOS657505","CAD","SAVINGS","95538"
"ID6","BOS66196","SGD","CURRENT","961629"
"ID7","BOS401497","CHF","CURRENT","873783"
"ID8","BOS928728","GBP","CURRENT","887322"
"ID7","BOS401497","CHF","CURRENT","873783"
"ID8","BOS928728","GBP","CURRENT","887322"